timestamp,cpu_time,time (s),T(t) (K),P(t) (Pa),Kinetic En. (n.u.),Potential En. (n.u.),Total En. (n.u.)
1653354789, 12427.0000, 1.0000e-14, 1493.33374638, 0.00000000, 0.00000000, -7.06347925, -7.06347925 
1653354790, 10977.0000, 2.2600e-13, 1467.42960665, 60888401.89975867, 0.00000000, 1826.29523915, 1826.29523915 
1653354791, 12310.0000, 4.5800e-13, 1495.79805774, 152328706.55693886, 0.00000000, 382536.68276651, 382536.68276651 
1653354792, 10267.0000, 6.4400e-13, 1493.17156956, 0.00000000, 0.00000000, 15354.77102433, 15354.77102433 
1653354793, 10751.0000, 8.4000e-13, 1495.15372485, 0.00000000, 0.00000000, 212.20662804, 212.20662804 
1653354794, 10628.0000, 1.0620e-12, 1495.63132784, 208745365.57550374, 0.00000000, 779914.90530732, 779914.90530732 
1653354795, 10885.0000, 1.1940e-12, 1496.23698624, 0.00000000, 0.00000000, 38851.63758241, 38851.63758241 
1653354796, 10909.0000, 1.3840e-12, 1492.17086026, 0.00000000, 0.00000000, 707.34641358, 707.34641358 
1653354797, 9274.0000, 1.5960e-12, 1491.31739679, 0.00000000, 0.00000000, 74085498.96364115, 74085498.96364115 
1653354798, 9592.0000, 1.8060e-12, 1494.58721199, 0.00000000, 0.00000000, 91.22437512, 91.22437512 
1653354799, 11537.0000, 2.0060e-12, 1495.85455128, 0.00000000, 0.00000000, 58.00903940, 58.00903940 
1653354800, 12050.0000, 2.2020e-12, 1494.84564401, 0.00000000, 0.00000000, 9397.57328537, 9397.57328537 
1653354801, 9591.0000, 2.4260e-12, 1494.73796090, 0.00000000, 0.00000000, 30.20272741, 30.20272741 
1653354802, 9258.0000, 2.6780e-12, 1495.01048408, 0.00000000, 0.00000000, 27316172.83089237, 27316172.83089237 
1653354803, 10507.0000, 2.9320e-12, 1491.70059091, 0.00000000, 0.00000000, 29649779.46168862, 29649779.46168862 
1653354804, 10743.0000, 3.1280e-12, 1495.64112616, 0.00000000, 0.00000000, 12410.49519286, 12410.49519286 
1653354805, 13349.0000, 3.3180e-12, 1495.47153712, 0.00000000, 0.00000000, 46.10858187, 46.10858187 
1653354806, 10976.0000, 3.4880e-12, 1495.43662060, 0.00000000, 0.00000000, 54414613.59618311, 54414613.59618311 
1653354807, 8764.0000, 3.6780e-12, 1495.40959991, 0.00000000, 0.00000000, 7967.25929142, 7967.25929142 
1653354808, 10283.0000, 3.9220e-12, 1493.04245062, 0.00000000, 0.00000000, 4991334.55587640, 4991334.55587640 
1653354809, 9170.0000, 4.1600e-12, 1490.31759446, 0.00000000, 0.00000000, 280.11607242, 280.11607242 
1653354810, 11045.0000, 4.3520e-12, 1494.63350758, 0.00000000, 0.00000000, 2035366.70667442, 2035366.70667442 
1653354811, 11540.0000, 4.5700e-12, 1494.04618370, 59868484.04940021, 0.00000000, 446523.14378148, 446523.14378148 
1653354812, 10492.0000, 4.7560e-12, 1494.87219044, 92046522.48142834, 0.00000000, 22.82552430, 22.82552430 
1653354813, 12557.0000, 4.9120e-12, 1488.51382035, 0.00000000, 0.00000000, 6316.88546536, 6316.88546536 
1653354814, 13005.0000, 5.0280e-12, 1492.00545491, 0.00000000, 0.00000000, 3162813.52332736, 3162813.52332736 
1653354815, 11841.0000, 5.1400e-12, 1495.01531036, 0.00000000, 0.00000000, 27073.55641040, 27073.55641040 
1653354816, 11149.0000, 5.2480e-12, 1495.82438024, 0.00000000, 0.00000000, -38.92292310, -38.92292310 
1653354817, 9491.0000, 5.3860e-12, 1495.08340484, 0.00000000, 0.00000000, 362479.90035116, 362479.90035116 
1653354818, 8807.0000, 5.5980e-12, 1495.10951557, 0.00000000, 0.00000000, 168.26141034, 168.26141034 
1653354819, 10676.0000, 5.8460e-12, 1495.76765690, 0.00000000, 0.00000000, 4308426.66814874, 4308426.66814874 
1653354820, 8746.0000, 6.0020e-12, 1495.54945811, 0.00000000, 0.00000000, 2656436.68891019, 2656436.68891019 
1653354821, 9736.0000, 6.1300e-12, 1490.64850155, 90231339.54602259, 0.00000000, 1071061.70816466, 1071061.70816466 
1653354822, 8713.0000, 6.2960e-12, 1495.84230248, 201879084.45293140, 0.00000000, 22.64476290, 22.64476290 
1653354823, 8240.0000, 6.5000e-12, 1495.78156758, 0.00000000, 0.00000000, 31573.95963202, 31573.95963202 
1653354824, 9078.0000, 6.7080e-12, 1496.90027702, 91825368.75161697, 0.00000000, 418953.92198137, 418953.92198137 
1653354825, 10171.0000, 6.9080e-12, 1493.46233445, 0.00000000, 0.00000000, 2784.48746225, 2784.48746225 
1653354826, 9386.0000, 7.1100e-12, 1497.11600496, 0.00000000, 0.00000000, 3731.16588943, 3731.16588943 
1653354827, 9466.0000, 7.3260e-12, 1497.99619505, 0.00000000, 0.00000000, 52031.78426869, 52031.78426869 
1653354828, 9818.0000, 7.4820e-12, 1497.03861047, 0.00000000, 0.00000000, 33162.29440554, 33162.29440554 
1653354829, 10360.0000, 7.6820e-12, 1491.97393904, 193534607.65564427, 0.00000000, 2083.86283239, 2083.86283239 
1653354830, 8708.0000, 7.8780e-12, 1497.96944393, 0.00000000, 0.00000000, 115954.51959904, 115954.51959904 
1653354831, 13393.0000, 8.0280e-12, 1492.76915197, 0.00000000, 0.00000000, 12486626.54314536, 12486626.54314536 
1653354832, 8650.0000, 8.2500e-12, 1493.74281878, 0.00000000, 0.00000000, 226.74189653, 226.74189653 
1653354833, 8705.0000, 8.5240e-12, 1490.60400313, 0.00000000, 0.00000000, 28652.11372227, 28652.11372227 
1653354834, 9609.0000, 8.7920e-12, 1497.29668136, 0.00000000, 0.00000000, 8539.26371017, 8539.26371017 
1653354835, 9154.0000, 9.0440e-12, 1492.13688814, 0.00000000, 0.00000000, 302.61769049, 302.61769049 
1653354836, 10373.0000, 9.2660e-12, 1496.11657562, 0.00000000, 0.00000000, 167578114.98264417, 167578114.98264417 
1653354837, 10402.0000, 9.4860e-12, 1496.47298882, 0.00000000, 0.00000000, 1229.82774639, 1229.82774639 
1653354838, 10669.0000, 9.7020e-12, 1497.22686040, 102514642.15319163, 0.00000000, 112.04388178, 112.04388178 
1653354839, 9560.0000, 9.9500e-12, 1496.15439870, 95257439.16043772, 0.00000000, 8158.48391989, 8158.48391989 
1653354840, 10975.0000, 1.0178e-11, 1493.76344590, 0.00000000, 0.00000000, 737.42193592, 737.42193592 
1653354841, 9809.0000, 1.0368e-11, 1492.77300876, 0.00000000, 0.00000000, 9736.76972847, 9736.76972847 
1653354842, 8849.0000, 1.0574e-11, 1490.32987967, 0.00000000, 0.00000000, 396.55517629, 396.55517629 
1653354843, 8130.0000, 1.0818e-11, 1496.38851524, 0.00000000, 0.00000000, 243642.95593648, 243642.95593648 
1653354844, 8621.0000, 1.1084e-11, 1492.38135416, 0.00000000, 0.00000000, 1799521.51390712, 1799521.51390712 
1653354845, 8639.0000, 1.1352e-11, 1490.26487019, 0.00000000, 0.00000000, 334.58714488, 334.58714488 
1653354846, 8204.0000, 1.1614e-11, 1495.72954328, 0.00000000, 0.00000000, 1926.02755813, 1926.02755813 
1653354847, 9392.0000, 1.1870e-11, 1493.95480136, 0.00000000, 0.00000000, 118664897.31089607, 118664897.31089607 
1653354848, 8281.0000, 1.2128e-11, 1487.65394906, 0.00000000, 0.00000000, 546.09675952, 546.09675952 
1653354849, 8772.0000, 1.2388e-11, 1495.05978413, 0.00000000, 0.00000000, 112.11113952, 112.11113952 
1653354850, 10809.0000, 1.2614e-11, 1495.85307970, 64130445.23901179, 0.00000000, 21681.40200714, 21681.40200714 
1653354851, 12762.0000, 1.2830e-11, 1493.18702963, 65924039.87769981, 0.00000000, 179158.90256883, 179158.90256883 
1653354852, 11068.0000, 1.3048e-11, 1494.35613668, 165622194.65945014, 0.00000000, 42319.51293355, 42319.51293355 
1653354853, 8421.0000, 1.3304e-11, 1495.38042231, 94794618.68366566, 0.00000000, -19.52493272, -19.52493272 
1653354854, 8417.0000, 1.3566e-11, 1491.42811473, 0.00000000, 0.00000000, 38996133.26718084, 38996133.26718084 
1653354855, 10675.0000, 1.3820e-11, 1481.89130228, 59930256.31398613, 0.00000000, 372797670.41715014, 372797670.41715014 
1653354856, 9161.0000, 1.4030e-11, 1490.55983437, 0.00000000, 0.00000000, 977.49086326, 977.49086326 
1653354857, 8062.0000, 1.4286e-11, 1494.95475504, 0.00000000, 0.00000000, 16.47018723, 16.47018723 
1653354858, 9201.0000, 1.4548e-11, 1493.16051628, 90302170.17646690, 0.00000000, 79.87058988, 79.87058988 
1653354859, 12172.0000, 1.4792e-11, 1494.31314192, 37931933.39553641, 0.00000000, 312.73859849, 312.73859849 
1653354860, 10555.0000, 1.5004e-11, 1494.31392957, 0.00000000, 0.00000000, 63.75566464, 63.75566464 
1653354861, 10913.0000, 1.5210e-11, 1495.12929568, 0.00000000, 0.00000000, 320.51270351, 320.51270351 
1653354862, 11477.0000, 1.5418e-11, 1494.54318375, 0.00000000, 0.00000000, 40.85105361, 40.85105361 
1653354863, 10071.0000, 1.5638e-11, 1492.70020634, 0.00000000, 0.00000000, 454.87893765, 454.87893765 
1653354864, 11711.0000, 1.5840e-11, 1493.01181382, 115226708.42599389, 0.00000000, 100924.84610877, 100924.84610877 
1653354865, 14940.0000, 1.6074e-11, 1491.99372802, 0.00000000, 0.00000000, 70725.65144889, 70725.65144889 
1653354866, 10333.0000, 1.6290e-11, 1489.73984110, 0.00000000, 0.00000000, 631179.39161653, 631179.39161653 
1653354867, 12952.0000, 1.6480e-11, 1495.90097745, 65511560.56797398, 0.00000000, 118.62214374, 118.62214374 
1653354868, 9211.0000, 1.6696e-11, 1492.70989774, 0.00000000, 0.00000000, 24309.94900744, 24309.94900744 
1653354869, 11071.0000, 1.6920e-11, 1495.87650324, 0.00000000, 0.00000000, 224.37581454, 224.37581454 
1653354870, 10281.0000, 1.7128e-11, 1494.59842551, 0.00000000, 0.00000000, 1117481.16029360, 1117481.16029360 
1653354871, 11012.0000, 1.7326e-11, 1496.14586477, 0.00000000, 0.00000000, 15097.22589328, 15097.22589328 
1653354872, 10857.0000, 1.7534e-11, 1493.82410527, 0.00000000, 0.00000000, 164.22548144, 164.22548144 
1653354873, 10393.0000, 1.7738e-11, 1495.88577781, 0.00000000, 0.00000000, 31.01943233, 31.01943233 
1653354874, 11038.0000, 1.7944e-11, 1492.77558812, 0.00000000, 0.00000000, 234.83931488, 234.83931488 
1653354875, 11058.0000, 1.8160e-11, 1495.17033705, 0.00000000, 0.00000000, 5096.16218240, 5096.16218240 
1653354876, 10642.0000, 1.8376e-11, 1494.20633302, 89693955.27597536, 0.00000000, 150.29601720, 150.29601720 
1653354877, 10481.0000, 1.8592e-11, 1493.61774757, 145004094.87876689, 0.00000000, 3727.02886450, 3727.02886450 
1653354878, 8587.0000, 1.8812e-11, 1492.23778067, 89027081.14674996, 0.00000000, 2077472337952.17993164, 2077472337952.17993164 
1653354879, 8943.0000, 1.9068e-11, 1495.89114523, 43872579.97641578, 0.00000000, 5831270.03911178, 5831270.03911178 
1653354880, 10253.0000, 1.9326e-11, 1495.18227341, 93860906.07747841, 0.00000000, 24897320607.27029800, 24897320607.27029800 
1653354881, 12226.0000, 1.9558e-11, 1495.73973462, 0.00000000, 0.00000000, 68319.43553594, 68319.43553594 
1653354882, 8659.0000, 1.9758e-11, 1494.67524641, 0.00000000, 0.00000000, 196.40769972, 196.40769972 
1653354883, 9435.0000, 1.9952e-11, 1497.03089925, 0.00000000, 0.00000000, 90742.12001208, 90742.12001208 
1653354884, 12490.0000, 2.0094e-11, 1495.66200075, 53937408.13772298, 0.00000000, 103.73217409, 103.73217409 
1653354885, 11425.0000, 2.0220e-11, 1494.54046907, 0.00000000, 0.00000000, 6524.14297897, 6524.14297897 
1653354886, 14636.0000, 2.0326e-11, 1490.54618660, 0.00000000, 0.00000000, 440.45108182, 440.45108182 
1653354887, 12778.0000, 2.0452e-11, 1497.53650104, 0.00000000, 0.00000000, 44215.33172707, 44215.33172707 
1653354888, 12399.0000, 2.0574e-11, 1483.81134655, 0.00000000, 0.00000000, 117438.59829106, 117438.59829106 
1653354889, 12207.0000, 2.0722e-11, 1497.26444061, 0.00000000, 0.00000000, 1922.42142012, 1922.42142012 
1653354890, 12808.0000, 2.0860e-11, 1495.35822254, 0.00000000, 0.00000000, 361.30801999, 361.30801999 
1653354891, 10737.0000, 2.0978e-11, 1491.11204466, 69665459.83019760, 0.00000000, 799440.08799757, 799440.08799757 
1653354892, 11688.0000, 2.1130e-11, 1496.03910002, 0.00000000, 0.00000000, -30.34540954, -30.34540954 
1653354893, 11694.0000, 2.1256e-11, 1496.24985220, 0.00000000, 0.00000000, 84.22024699, 84.22024699 
1653354894, 13809.0000, 2.1402e-11, 1495.62985774, 20218826.74768560, 0.00000000, 229770.76287298, 229770.76287298 
1653354895, 11063.0000, 2.1562e-11, 1496.07362617, 0.00000000, 0.00000000, 53772.24961265, 53772.24961265 
1653354896, 8649.0000, 2.1712e-11, 1496.48059928, 0.00000000, 0.00000000, 1095621.72699468, 1095621.72699468 
1653354897, 12458.0000, 2.1856e-11, 1488.16009931, 0.00000000, 0.00000000, 3019.59447774, 3019.59447774 
1653354898, 12818.0000, 2.1968e-11, 1494.90515230, 29382928.27363845, 0.00000000, 327334.70662093, 327334.70662093 
1653354899, 10124.0000, 2.2142e-11, 1494.72281003, 148639459.30512318, 0.00000000, 83.17895754, 83.17895754 
1653354900, 10676.0000, 2.2308e-11, 1489.84334513, 0.00000000, 0.00000000, 5394.12358659, 5394.12358659 
1653354901, 9859.0000, 2.2434e-11, 1492.98388635, 0.00000000, 0.00000000, 22247.11046609, 22247.11046609 
1653354902, 12234.0000, 2.2588e-11, 1495.58197878, 0.00000000, 0.00000000, 78.06268174, 78.06268174 
1653354903, 11567.0000, 2.2714e-11, 1482.55977271, 0.00000000, 0.00000000, 873.17938272, 873.17938272 
1653354904, 11267.0000, 2.2884e-11, 1492.21601290, 0.00000000, 0.00000000, 2249.18648189, 2249.18648189 
1653354905, 11069.0000, 2.3016e-11, 1467.00683111, 103298681.50226353, 0.00000000, 32726.85410715, 32726.85410715 
1653354906, 9143.0000, 2.3178e-11, 1492.37576117, 0.00000000, 0.00000000, 6313.79743298, 6313.79743298 
1653354907, 9500.0000, 2.3408e-11, 1494.27892857, 0.00000000, 0.00000000, 1602.38089967, 1602.38089967 
1653354908, 8738.0000, 2.3652e-11, 1495.98003440, 0.00000000, 0.00000000, 621073377.77264214, 621073377.77264214 
1653354909, 8989.0000, 2.3908e-11, 1497.11106804, 143618149.93421820, 0.00000000, 100452.47952294, 100452.47952294 
1653354910, 8429.0000, 2.4128e-11, 1496.54873149, 0.00000000, 0.00000000, 2515628.85949549, 2515628.85949549 
1653354911, 11679.0000, 2.4336e-11, 1497.49428449, 0.00000000, 0.00000000, -46.14530261, -46.14530261 
1653354912, 9944.0000, 2.4534e-11, 1492.94107924, 89980928.62071320, 0.00000000, 15008.81905674, 15008.81905674 
1653354913, 10268.0000, 2.4752e-11, 1493.48544219, 0.00000000, 0.00000000, 349.07438826, 349.07438826 
1653354914, 10101.0000, 2.4988e-11, 1498.70169826, 58570368.07450639, 0.00000000, 139.52147576, 139.52147576 
1653354915, 9646.0000, 2.5168e-11, 1498.86746754, 0.00000000, 0.00000000, 4953.24360699, 4953.24360699 
1653354916, 9175.0000, 2.5386e-11, 1499.13456972, 0.00000000, 0.00000000, 21274.75155080, 21274.75155080 
1653354917, 9133.0000, 2.5536e-11, 1494.75515112, 0.00000000, 0.00000000, 449.87506272, 449.87506272 
1653354918, 10485.0000, 2.5696e-11, 1500.18525378, 0.00000000, 0.00000000, 70.83304131, 70.83304131 
1653354919, 10385.0000, 2.5876e-11, 1498.48726766, 120800994.25658134, 0.00000000, 17690336.94260271, 17690336.94260271 
1653354920, 9321.0000, 2.6110e-11, 1493.32745656, 0.00000000, 0.00000000, 380.48532859, 380.48532859 
1653354921, 9754.0000, 2.6348e-11, 1500.76013168, 0.00000000, 0.00000000, 4338157.14009857, 4338157.14009857 
1653354922, 10795.0000, 2.6560e-11, 1500.89437696, 0.00000000, 0.00000000, -18.19971725, -18.19971725 
1653354923, 10657.0000, 2.6786e-11, 1495.64723306, 35431211.15731822, 0.00000000, 888.96509220, 888.96509220 
1653354924, 12826.0000, 2.6948e-11, 1499.62292666, 0.00000000, 0.00000000, 17661.54229861, 17661.54229861 
1653354925, 10440.0000, 2.7092e-11, 1500.51992201, 0.00000000, 0.00000000, 892.70346427, 892.70346427 
1653354926, 9688.0000, 2.7316e-11, 1500.72679898, 0.00000000, 0.00000000, 15205.44156332, 15205.44156332 
1653354927, 10575.0000, 2.7536e-11, 1499.96983025, 0.00000000, 0.00000000, 46.56777012, 46.56777012 
1653354928, 10566.0000, 2.7736e-11, 1504.88378446, 34374813.53935036, 0.00000000, 1277.07128397, 1277.07128397 
1653354929, 10916.0000, 2.7940e-11, 1504.57757339, 0.00000000, 0.00000000, 882.48355014, 882.48355014 
1653354930, 9988.0000, 2.8142e-11, 1505.76479384, 56648186.32338875, 0.00000000, 9827536.75303496, 9827536.75303496 
1653354931, 10568.0000, 2.8322e-11, 1505.79255499, 0.00000000, 0.00000000, 154.90532536, 154.90532536 
1653354932, 8438.0000, 2.8548e-11, 1500.82995021, 36729850.38280760, 0.00000000, 2822.38815287, 2822.38815287 
1653354933, 9144.0000, 2.8808e-11, 1506.47650671, 0.00000000, 0.00000000, 36001.64998451, 36001.64998451 
1653354934, 12306.0000, 2.9064e-11, 1506.22905031, 93253099.33960781, 0.00000000, -48.82908755, -48.82908755 
1653354935, 10340.0000, 2.9284e-11, 1499.50177865, 0.00000000, 0.00000000, 300.66955330, 300.66955330 
1653354936, 8298.0000, 2.9534e-11, 1499.20942259, 0.00000000, 0.00000000, 61926.64614443, 61926.64614443 
1653354937, 9027.0000, 2.9796e-11, 1510.31178120, 0.00000000, 0.00000000, 19078.22560208, 19078.22560208 
1653354938, 9605.0000, 3.0020e-11, 1511.57402939, 0.00000000, 0.00000000, -33.09238349, -33.09238349 
1653354939, 8976.0000, 3.0254e-11, 1507.76969498, 0.00000000, 0.00000000, 192.56279446, 192.56279446 
1653354940, 8398.0000, 3.0474e-11, 1510.91852677, 0.00000000, 0.00000000, 174.35082302, 174.35082302 
1653354941, 8515.0000, 3.0700e-11, 1510.28179508, 0.00000000, 0.00000000, -41.93777875, -41.93777875 
1653354942, 8964.0000, 3.0900e-11, 1499.23737017, 182680008.10637021, 0.00000000, 10121.28064299, 10121.28064299 
1653354943, 11811.0000, 3.1094e-11, 1506.87329497, 0.00000000, 0.00000000, 3840.91967696, 3840.91967696 
1653354944, 12429.0000, 3.1270e-11, 1509.12987117, 0.00000000, 0.00000000, 40.54468303, 40.54468303 
1653354945, 11183.0000, 3.1464e-11, 1505.76341246, 0.00000000, 0.00000000, 316.43050004, 316.43050004 
1653354946, 9066.0000, 3.1670e-11, 1506.42125480, 75234814.80513822, 0.00000000, 334.84078313, 334.84078313 
1653354947, 9182.0000, 3.1922e-11, 1505.75210424, 223425277.92503709, 0.00000000, 89704653.91199906, 89704653.91199906 
1653354948, 9072.0000, 3.2166e-11, 1509.64658407, 111753737.82176644, 0.00000000, 1755.52340865, 1755.52340865 
1653354949, 9590.0000, 3.2416e-11, 1506.76410429, 0.00000000, 0.00000000, 1929.81938208, 1929.81938208 
1653354950, 9643.0000, 3.2662e-11, 1507.57601149, 0.00000000, 0.00000000, 12945.89448836, 12945.89448836 
1653354951, 9485.0000, 3.2908e-11, 1503.12831371, 0.00000000, 0.00000000, 5761.34044603, 5761.34044603 
1653354952, 9138.0000, 3.3154e-11, 1505.65279410, 44425155.37850378, 0.00000000, 128.98808389, 128.98808389 
1653354953, 9160.0000, 3.3402e-11, 1506.78316530, 0.00000000, 0.00000000, 226.81363408, 226.81363408 
1653354954, 9174.0000, 3.3648e-11, 1502.63544209, 84213407.13541469, 0.00000000, 693.61573609, 693.61573609 
1653354955, 9430.0000, 3.3894e-11, 1504.86741095, 0.00000000, 0.00000000, 4674.97304990, 4674.97304990 
1653354956, 9021.0000, 3.4146e-11, 1504.13238058, 0.00000000, 0.00000000, 2188463611.32288790, 2188463611.32288790 
1653354957, 10248.0000, 3.4390e-11, 1503.18887049, 0.00000000, 0.00000000, 631293.66870102, 631293.66870102 
1653354958, 9480.0000, 3.4636e-11, 1503.60151783, 0.00000000, 0.00000000, 14422.76272670, 14422.76272670 
1653354959, 9437.0000, 3.4884e-11, 1502.87405648, 0.00000000, 0.00000000, 1155.24751245, 1155.24751245 
1653354960, 9942.0000, 3.5126e-11, 1501.64162647, 144536651.98854569, 0.00000000, 78.17540734, 78.17540734 
1653354961, 8663.0000, 3.5374e-11, 1495.04983389, 0.00000000, 0.00000000, 1265.64235622, 1265.64235622 
1653354962, 8670.0000, 3.5622e-11, 1496.66158514, 0.00000000, 0.00000000, 708.90174005, 708.90174005 
1653354963, 9425.0000, 3.5872e-11, 1500.59226463, 124456544.21736754, 0.00000000, 1939517.18140454, 1939517.18140454 
1653354964, 9881.0000, 3.6120e-11, 1499.17530332, 0.00000000, 0.00000000, 254.22649809, 254.22649809 
1653354965, 9077.0000, 3.6370e-11, 1501.81787524, 0.00000000, 0.00000000, 242.66969869, 242.66969869 
1653354966, 9761.0000, 3.6620e-11, 1501.73989220, 0.00000000, 0.00000000, 24933.70784588, 24933.70784588 
1653354967, 9499.0000, 3.6870e-11, 1499.18488293, 0.00000000, 0.00000000, 98213.49391518, 98213.49391518 
1653354968, 9523.0000, 3.7120e-11, 1483.28021276, 106892853.91933368, 0.00000000, 22805.36209944, 22805.36209944 
1653354969, 9754.0000, 3.7370e-11, 1502.50903279, 0.00000000, 0.00000000, 3557.94626150, 3557.94626150 
1653354970, 7720.0000, 3.7638e-11, 1496.64560221, 0.00000000, 0.00000000, 216529.38097318, 216529.38097318 
1653354971, 8628.0000, 3.7906e-11, 1494.86825010, 0.00000000, 0.00000000, 416.88907633, 416.88907633 
1653354972, 8591.0000, 3.8172e-11, 1496.44869532, 0.00000000, 0.00000000, 380.31847996, 380.31847996 
1653354973, 8592.0000, 3.8438e-11, 1498.73082300, 0.00000000, 0.00000000, 1840.79137439, 1840.79137439 
1653354974, 8591.0000, 3.8704e-11, 1501.99525390, 0.00000000, 0.00000000, 7905.51197746, 7905.51197746 
1653354975, 8559.0000, 3.8968e-11, 1502.87344611, 0.00000000, 0.00000000, 8448.14179471, 8448.14179471 
1653354976, 9062.0000, 3.9234e-11, 1502.12224000, 0.00000000, 0.00000000, -33.50143934, -33.50143934 
1653354977, 8430.0000, 3.9500e-11, 1499.13744622, 0.00000000, 0.00000000, 999675.15966980, 999675.15966980 
1653354978, 8121.0000, 3.9746e-11, 1500.43363468, 0.00000000, 0.00000000, 1731855.02893218, 1731855.02893218 
1653354979, 9001.0000, 4.0020e-11, 1500.68461435, 38822937.34717110, 0.00000000, 615.78364602, 615.78364602 
1653354980, 8326.0000, 4.0284e-11, 1500.18069531, 0.00000000, 0.00000000, 36511.15878859, 36511.15878859 
1653354981, 9372.0000, 4.0550e-11, 1499.06324958, 0.00000000, 0.00000000, 91492980.95756599, 91492980.95756599 
1653354982, 9013.0000, 4.0814e-11, 1502.16333734, 0.00000000, 0.00000000, 7129.82442233, 7129.82442233 
1653354983, 8745.0000, 4.1080e-11, 1500.55997761, 0.00000000, 0.00000000, 353656.00003769, 353656.00003769 
1653354984, 8626.0000, 4.1346e-11, 1497.20244361, 50433464.62298376, 0.00000000, 139188.13064633, 139188.13064633 
1653354985, 8243.0000, 4.1610e-11, 1502.54356216, 0.00000000, 0.00000000, 5231.14872318, 5231.14872318 
1653354986, 8126.0000, 4.1878e-11, 1497.09692119, 0.00000000, 0.00000000, 190.10988293, 190.10988293 
1653354987, 9014.0000, 4.2144e-11, 1499.40231257, 0.00000000, 0.00000000, 57454.72280315, 57454.72280315 
1653354988, 8995.0000, 4.2412e-11, 1497.01765049, 0.00000000, 0.00000000, 1639646583.76513457, 1639646583.76513457 
1653354989, 8769.0000, 4.2676e-11, 1496.20112063, 45458802.43310142, 0.00000000, 196898.89683254, 196898.89683254 
1653354990, 10090.0000, 4.2900e-11, 1491.74144767, 0.00000000, 0.00000000, 41610093.14288029, 41610093.14288029 
1653354991, 9836.0000, 4.3132e-11, 1496.00532619, 0.00000000, 0.00000000, 1184390.18363743, 1184390.18363743 
1653354992, 10675.0000, 4.3362e-11, 1491.83628942, 0.00000000, 0.00000000, 256542.01883107, 256542.01883107 
1653354993, 10349.0000, 4.3594e-11, 1497.54037607, 0.00000000, 0.00000000, 1682747.40639909, 1682747.40639909 
1653354994, 10952.0000, 4.3824e-11, 1482.22705457, 61801163.14935225, 0.00000000, 1418.46322784, 1418.46322784 
1653354995, 10158.0000, 4.4056e-11, 1497.56662288, 87562900.55142097, 0.00000000, 452669.49192281, 452669.49192281 
1653354996, 10428.0000, 4.4286e-11, 1494.16907762, 24568270.05877556, 0.00000000, 277.04701111, 277.04701111 
1653354997, 9840.0000, 4.4512e-11, 1496.87827288, 130466261.17757222, 0.00000000, 140848.78974693, 140848.78974693 
1653354998, 9807.0000, 4.4740e-11, 1492.41552915, 0.00000000, 0.00000000, 527895.90569347, 527895.90569347 
1653354999, 9335.0000, 4.4970e-11, 1495.75856492, 117401751.06145529, 0.00000000, -38.50138240, -38.50138240 
1653355000, 9724.0000, 4.5194e-11, 1494.75519428, 86448204.27034104, 0.00000000, 29.67352251, 29.67352251 
1653355001, 10957.0000, 4.5426e-11, 1489.58058371, 51167639.43261805, 0.00000000, 167366.35880074, 167366.35880074 
1653355002, 9504.0000, 4.5652e-11, 1494.24951125, 0.00000000, 0.00000000, 62.43954267, 62.43954267 
1653355003, 10296.0000, 4.5882e-11, 1493.94092290, 0.00000000, 0.00000000, 76.46460072, 76.46460072 
1653355004, 8149.0000, 4.6142e-11, 1483.36141226, 0.00000000, 0.00000000, 723.10513471, 723.10513471 
1653355005, 8638.0000, 4.6416e-11, 1492.43853136, 0.00000000, 0.00000000, 215496.97864905, 215496.97864905 
1653355006, 8955.0000, 4.6676e-11, 1494.15675427, 75834317.90537561, 0.00000000, 608.77026136, 608.77026136 
1653355007, 8748.0000, 4.6930e-11, 1495.17588867, 0.00000000, 0.00000000, 229.29638350, 229.29638350 
1653355008, 13249.0000, 4.7178e-11, 1495.26575807, 0.00000000, 0.00000000, 354891.80383324, 354891.80383324 
1653355009, 8992.0000, 4.7428e-11, 1489.54511750, 0.00000000, 0.00000000, 412.81176721, 412.81176721 
1653355010, 9615.0000, 4.7692e-11, 1492.86961333, 55259525.17105433, 0.00000000, 475.53467065, 475.53467065 
1653355011, 9298.0000, 4.7926e-11, 1475.69243730, 0.00000000, 0.00000000, 17135.94341646, 17135.94341646 
1653355012, 9763.0000, 4.8172e-11, 1496.43783648, 0.00000000, 0.00000000, -18.07796518, -18.07796518 
1653355013, 9224.0000, 4.8414e-11, 1492.92478241, 0.00000000, 0.00000000, 3139.42618185, 3139.42618185 
1653355014, 8736.0000, 4.8638e-11, 1492.51509815, 0.00000000, 0.00000000, 371.38576463, 371.38576463 
1653355015, 9203.0000, 4.8884e-11, 1496.11267367, 75407797.16234834, 0.00000000, -44.45549402, -44.45549402 
1653355016, 9906.0000, 4.9120e-11, 1495.98489336, 0.00000000, 0.00000000, 46.99445676, 46.99445676 
1653355017, 8177.0000, 4.9344e-11, 1489.63792371, 0.00000000, 0.00000000, 7845743720.81925201, 7845743720.81925201 
1653355018, 9379.0000, 4.9546e-11, 1497.06306116, 0.00000000, 0.00000000, 82.45595885, 82.45595885 
1653355019, 11375.0000, 4.9696e-11, 1496.29261442, 142620325.36622572, 0.00000000, 66454.59923405, 66454.59923405 
1653355020, 10243.0000, 4.9890e-11, 1495.36618076, 119745826.86980681, 0.00000000, 556.72303184, 556.72303184 
1653355021, 10831.0000, 5.0100e-11, 1488.88949380, 57092370.20516489, 0.00000000, 17415805.35159086, 17415805.35159086 
1653355022, 9502.0000, 5.0330e-11, 1493.79375840, 0.00000000, 0.00000000, 41781553.25039602, 41781553.25039602 
1653355023, 9025.0000, 5.0574e-11, 1496.21431856, 0.00000000, 0.00000000, 1977.36586549, 1977.36586549 
1653355024, 9181.0000, 5.0814e-11, 1492.51804223, 54155680.73238132, 0.00000000, 322.38743250, 322.38743250 
1653355025, 10034.0000, 5.1026e-11, 1491.36255381, 0.00000000, 0.00000000, 708.55912306, 708.55912306 
1653355026, 12238.0000, 5.1234e-11, 1488.98431976, 20067054.85233110, 0.00000000, 26854532.14209632, 26854532.14209632 
1653355027, 8957.0000, 5.1446e-11, 1495.64399849, 0.00000000, 0.00000000, 550.40814872, 550.40814872 
1653355028, 9987.0000, 5.1668e-11, 1493.49116315, 142609273.39900497, 0.00000000, 3015.03927438, 3015.03927438 
1653355029, 9747.0000, 5.1884e-11, 1489.75423433, 0.00000000, 0.00000000, 606.36587604, 606.36587604 
1653355030, 10335.0000, 5.2092e-11, 1495.53374460, 152408160.05183184, 0.00000000, 1379.77139532, 1379.77139532 
1653355031, 8741.0000, 5.2314e-11, 1493.74156377, 0.00000000, 0.00000000, 156172479.13351962, 156172479.13351962 
1653355032, 9757.0000, 5.2552e-11, 1493.04665061, 0.00000000, 0.00000000, 129.48644487, 129.48644487 
1653355033, 10522.0000, 5.2762e-11, 1486.91287247, 0.00000000, 0.00000000, 751.49713173, 751.49713173 
1653355034, 8986.0000, 5.2990e-11, 1493.48659208, 8529176.56761414, 0.00000000, 53360.72204064, 53360.72204064 
1653355035, 10028.0000, 5.3238e-11, 1494.67345118, 0.00000000, 0.00000000, 6420510138.97847843, 6420510138.97847843 
1653355036, 9861.0000, 5.3470e-11, 1494.00552359, 0.00000000, 0.00000000, 4616.37484146, 4616.37484146 
1653355037, 9036.0000, 5.3690e-11, 1486.67588971, 0.00000000, 0.00000000, 34270.16440943, 34270.16440943 
1653355038, 8965.0000, 5.3910e-11, 1494.72594900, 0.00000000, 0.00000000, 95218.08159171, 95218.08159171 
1653355039, 12282.0000, 5.4116e-11, 1491.72505850, 0.00000000, 0.00000000, 1289194.98172045, 1289194.98172045 
1653355040, 10521.0000, 5.4292e-11, 1492.05359149, 48008668.54126700, 0.00000000, 983.52833725, 983.52833725 
1653355041, 10857.0000, 5.4504e-11, 1491.94859201, 0.00000000, 0.00000000, -33.06391416, -33.06391416 
1653355042, 10989.0000, 5.4686e-11, 1491.55087710, 0.00000000, 0.00000000, 2148724129.10553074, 2148724129.10553074 
1653355043, 11316.0000, 5.4866e-11, 1481.86503749, 0.00000000, 0.00000000, 22696.14088988, 22696.14088988 
1653355044, 9501.0000, 5.5050e-11, 1492.42253982, 0.00000000, 0.00000000, 23.72895695, 23.72895695 
1653355045, 9695.0000, 5.5298e-11, 1492.78848130, 0.00000000, 0.00000000, 7931.18352882, 7931.18352882 
1653355046, 9541.0000, 5.5548e-11, 1492.54182381, 0.00000000, 0.00000000, 47.22904388, 47.22904388 
1653355047, 8577.0000, 5.5772e-11, 1491.91534393, 0.00000000, 0.00000000, 71.68178139, 71.68178139 
1653355048, 9161.0000, 5.6024e-11, 1489.19841558, 0.00000000, 0.00000000, 223.29890572, 223.29890572 
1653355049, 9209.0000, 5.6276e-11, 1492.19776729, 0.00000000, 0.00000000, 5175.59596315, 5175.59596315 
1653355050, 9113.0000, 5.6532e-11, 1487.65918440, 161168633.13502905, 0.00000000, 384.35078779, 384.35078779 
1653355051, 10641.0000, 5.6760e-11, 1490.13873454, 0.00000000, 0.00000000, 4867.79783121, 4867.79783121 
1653355052, 10994.0000, 5.6972e-11, 1487.46278776, 0.00000000, 0.00000000, 30660.83895291, 30660.83895291 
1653355053, 10612.0000, 5.7188e-11, 1493.42975267, 0.00000000, 0.00000000, -4.64453108, -4.64453108 
1653355054, 10588.0000, 5.7400e-11, 1493.61440975, 86076634.39525166, 0.00000000, 5010.54340601, 5010.54340601 
1653355055, 10236.0000, 5.7610e-11, 1481.07596632, 0.00000000, 0.00000000, 2060.30147760, 2060.30147760 
1653355056, 8057.0000, 5.7854e-11, 1488.28440978, 24972856.37531406, 0.00000000, 335.26505493, 335.26505493 
1653355057, 8520.0000, 5.8114e-11, 1493.43200611, 0.00000000, 0.00000000, 278.30277950, 278.30277950 
1653355058, 10595.0000, 5.8294e-11, 1496.54376424, 0.00000000, 0.00000000, 2056.92506226, 2056.92506226 
1653355059, 10783.0000, 5.8476e-11, 1492.22399787, 0.00000000, 0.00000000, 6658812.68648826, 6658812.68648826 
1653355060, 11333.0000, 5.8664e-11, 1494.46806030, 0.00000000, 0.00000000, 1199798.79707787, 1199798.79707787 
1653355061, 13961.0000, 5.8858e-11, 1494.16843630, 0.00000000, 0.00000000, 37038.42220479, 37038.42220479 
1653355062, 12696.0000, 5.9042e-11, 1495.11969807, 0.00000000, 0.00000000, 66100289.41836625, 66100289.41836625 
1653355063, 9578.0000, 5.9260e-11, 1491.85044309, 0.00000000, 0.00000000, 148.52609060, 148.52609060 
1653355064, 10038.0000, 5.9488e-11, 1493.54289345, 56139361.81188527, 0.00000000, 103.78476309, 103.78476309 
1653355065, 14576.0000, 5.9708e-11, 1494.90357143, 0.00000000, 0.00000000, -35.74588065, -35.74588065 
1653355066, 10402.0000, 5.9900e-11, 1491.70119378, 119663802.37658584, 0.00000000, 350.28743353, 350.28743353 
1653355067, 10099.0000, 6.0136e-11, 1490.50765065, 45345411.03999417, 0.00000000, 228348.88410352, 228348.88410352 
1653355068, 9945.0000, 6.0374e-11, 1493.79499109, 0.00000000, 0.00000000, -1.15338985, -1.15338985 
1653355069, 8972.0000, 6.0608e-11, 1492.29324871, 0.00000000, 0.00000000, 14394.79252129, 14394.79252129 
1653355070, 8171.0000, 6.0876e-11, 1492.43754160, 0.00000000, 0.00000000, 4632.51473255, 4632.51473255 
1653355071, 8645.0000, 6.1124e-11, 1493.18154079, 0.00000000, 0.00000000, 20549729.30534502, 20549729.30534502 
1653355072, 9937.0000, 6.1344e-11, 1489.34114565, 0.00000000, 0.00000000, 232.90998132, 232.90998132 
1653355073, 12327.0000, 6.1568e-11, 1492.99899849, 0.00000000, 0.00000000, 499.97756931, 499.97756931 
1653355074, 9439.0000, 6.1824e-11, 1494.41447163, 45499744.30008448, 0.00000000, 10878.97028007, 10878.97028007 
1653355075, 9800.0000, 6.2064e-11, 1495.27836287, 100045851.48570070, 0.00000000, 7747.33282762, 7747.33282762 
1653355076, 9831.0000, 6.2304e-11, 1495.89845182, 0.00000000, 0.00000000, 73317.43154892, 73317.43154892 
1653355077, 9596.0000, 6.2542e-11, 1494.09203754, 0.00000000, 0.00000000, 524141.23144049, 524141.23144049 
1653355078, 9900.0000, 6.2786e-11, 1495.23990178, 0.00000000, 0.00000000, 485.68813041, 485.68813041 
1653355079, 9353.0000, 6.3034e-11, 1495.59504377, 0.00000000, 0.00000000, 5413.35650728, 5413.35650728 
1653355080, 8889.0000, 6.3274e-11, 1494.34435583, 0.00000000, 0.00000000, 203742.48645513, 203742.48645513 
1653355081, 8928.0000, 6.3524e-11, 1496.60037799, 0.00000000, 0.00000000, 108891.71803981, 108891.71803981 
1653355082, 10321.0000, 6.3770e-11, 1491.82983243, 101454253.47095457, 0.00000000, 248985.23960504, 248985.23960504 
1653355083, 9616.0000, 6.4016e-11, 1493.86252452, 0.00000000, 0.00000000, 152.47391291, 152.47391291 
1653355084, 9321.0000, 6.4264e-11, 1494.16587112, 0.00000000, 0.00000000, 79.59678495, 79.59678495 
1653355085, 10384.0000, 6.4512e-11, 1495.31989060, 0.00000000, 0.00000000, 537696.75570567, 537696.75570567 
1653355086, 10166.0000, 6.4760e-11, 1495.78502952, 0.00000000, 0.00000000, 4865.13679678, 4865.13679678 
1653355087, 9247.0000, 6.5012e-11, 1496.68360903, 0.00000000, 0.00000000, 755538.26487607, 755538.26487607 
1653355088, 9161.0000, 6.5260e-11, 1493.72339998, 0.00000000, 0.00000000, 9874.16554722, 9874.16554722 
1653355089, 9872.0000, 6.5508e-11, 1493.90606426, 207172144.81119007, 0.00000000, 171.29632713, 171.29632713 
1653355090, 9226.0000, 6.5756e-11, 1497.28673306, 99589810.41792084, 0.00000000, 90.02787676, 90.02787676 
1653355091, 9433.0000, 6.6004e-11, 1497.13669845, 0.00000000, 0.00000000, 11.16965252, 11.16965252 
1653355092, 9340.0000, 6.6252e-11, 1496.67573350, 66114326.18582024, 0.00000000, 31776.52862321, 31776.52862321 
1653355093, 9774.0000, 6.6500e-11, 1498.09460663, 0.00000000, 0.00000000, 13.90745755, 13.90745755 
1653355094, 9404.0000, 6.6750e-11, 1495.74959007, 0.00000000, 0.00000000, 3386098.65542994, 3386098.65542994 
1653355095, 9467.0000, 6.7000e-11, 1498.73399670, 215137097.28005740, 0.00000000, 7972.37545935, 7972.37545935 
1653355096, 9313.0000, 6.7248e-11, 1494.61820768, 0.00000000, 0.00000000, 216.01598569, 216.01598569 
1653355097, 9167.0000, 6.7496e-11, 1499.68128416, 0.00000000, 0.00000000, 214.24305149, 214.24305149 
1653355098, 9243.0000, 6.7744e-11, 1499.66343402, 155434559.00225410, 0.00000000, 2754.02917487, 2754.02917487 
1653355099, 9467.0000, 6.7992e-11, 1494.95655539, 45600761.52232046, 0.00000000, 378.52225151, 378.52225151 
1653355100, 9195.0000, 6.8232e-11, 1501.64387501, 0.00000000, 0.00000000, 59.21002670, 59.21002670 
1653355101, 9925.0000, 6.8468e-11, 1501.29513290, 0.00000000, 0.00000000, 2474489.23095948, 2474489.23095948 
1653355102, 9645.0000, 6.8708e-11, 1494.59400547, 0.00000000, 0.00000000, 1149.21898275, 1149.21898275 
1653355103, 9718.0000, 6.8948e-11, 1499.32041341, 0.00000000, 0.00000000, 346.18832211, 346.18832211 
1653355104, 9677.0000, 6.9186e-11, 1498.95693985, 0.00000000, 0.00000000, 685569.67019771, 685569.67019771 
1653355105, 12165.0000, 6.9354e-11, 1501.47932343, 0.00000000, 0.00000000, 90.97190776, 90.97190776 
1653355106, 8117.0000, 6.9554e-11, 1498.91310378, 158373507.64838481, 0.00000000, 129449873.00100562, 129449873.00100562 
1653355107, 10354.0000, 6.9770e-11, 1494.57028295, 40441525.43028223, 0.00000000, 560.48249497, 560.48249497 
1653355108, 10582.0000, 6.9972e-11, 1494.94156409, 0.00000000, 0.00000000, 136795147.52780446, 136795147.52780446 
1653355109, 9043.0000, 7.0192e-11, 1501.75413631, 0.00000000, 0.00000000, 44060283.56667516, 44060283.56667516 
1653355110, 10311.0000, 7.0418e-11, 1494.07900445, 0.00000000, 0.00000000, 8984757.75545637, 8984757.75545637 
1653355111, 11413.0000, 7.0580e-11, 1498.93499148, 0.00000000, 0.00000000, 191.70238394, 191.70238394 
1653355112, 10813.0000, 7.0764e-11, 1495.69387459, 0.00000000, 0.00000000, 14888.91949811, 14888.91949811 
1653355113, 10967.0000, 7.0974e-11, 1501.32407720, 0.00000000, 0.00000000, 76.89393634, 76.89393634 
1653355114, 11215.0000, 7.1120e-11, 1499.75317568, 0.00000000, 0.00000000, 935922959.65764916, 935922959.65764916 
1653355115, 11345.0000, 7.1246e-11, 1499.60980616, 0.00000000, 0.00000000, 65.14577024, 65.14577024 
1653355116, 11859.0000, 7.1362e-11, 1500.47568453, 89306624.98053803, 0.00000000, -35.66180005, -35.66180005 
1653355117, 11039.0000, 7.1472e-11, 1500.28323867, 0.00000000, 0.00000000, 506591.16678299, 506591.16678299 
1653355118, 13304.0000, 7.1634e-11, 1489.71150957, 196881534.69982073, 0.00000000, 26365.57153000, 26365.57153000 
1653355119, 8040.0000, 7.1818e-11, 1500.78009102, 0.00000000, 0.00000000, 24.78763829, 24.78763829 
1653355120, 7958.0000, 7.2060e-11, 1495.58810522, 0.00000000, 0.00000000, 16244.44597396, 16244.44597396 
1653355121, 13716.0000, 7.2282e-11, 1498.26775385, 0.00000000, 0.00000000, 3699290.61595615, 3699290.61595615 
1653355122, 12216.0000, 7.2446e-11, 1498.39597738, 0.00000000, 0.00000000, 24078520326.30344772, 24078520326.30344772 
1653355123, 9719.0000, 7.2648e-11, 1496.60524579, 0.00000000, 0.00000000, 17632.50457387, 17632.50457387 
1653355124, 11152.0000, 7.2864e-11, 1496.68758321, 0.00000000, 0.00000000, 44402.32413953, 44402.32413953 
1653355125, 10169.0000, 7.3074e-11, 1500.38551881, 171573043.56630623, 0.00000000, 1435329.99639029, 1435329.99639029 
1653355126, 10112.0000, 7.3288e-11, 1499.18923303, 0.00000000, 0.00000000, 26304303745.20831680, 26304303745.20831680 
1653355127, 8963.0000, 7.3472e-11, 1496.20509206, 0.00000000, 0.00000000, 193.00969765, 193.00969765 
1653355128, 11336.0000, 7.3698e-11, 1499.10422810, 0.00000000, 0.00000000, 22.79863902, 22.79863902 
1653355129, 11030.0000, 7.3904e-11, 1498.77425302, 0.00000000, 0.00000000, 5743.90479989, 5743.90479989 
1653355130, 9332.0000, 7.4106e-11, 1498.62629418, 89041164.69786759, 0.00000000, 379.39232173, 379.39232173 
1653355131, 8796.0000, 7.4366e-11, 1498.81729845, 0.00000000, 0.00000000, 21.94222301, 21.94222301 
1653355132, 9578.0000, 7.4602e-11, 1496.63417525, 0.00000000, 0.00000000, 1158824.10369860, 1158824.10369860 
1653355133, 10815.0000, 7.4826e-11, 1496.40397348, 0.00000000, 0.00000000, 186.40728583, 186.40728583 
1653355134, 11156.0000, 7.5036e-11, 1497.97032539, 0.00000000, 0.00000000, 1154.59992410, 1154.59992410 
1653355135, 8350.0000, 7.5262e-11, 1499.97342930, 84803646.38847856, 0.00000000, 3049.84100566, 3049.84100566 
1653355136, 11735.0000, 7.5522e-11, 1485.70000923, 96775284.40715541, 0.00000000, 1083.13594105, 1083.13594105 
1653355137, 8968.0000, 7.5766e-11, 1490.97087442, 69621365.39995074, 0.00000000, 670.88163687, 670.88163687 
1653355138, 10387.0000, 7.5980e-11, 1486.51064838, 92774542.55231223, 0.00000000, 4679.62140817, 4679.62140817 
1653355139, 13646.0000, 7.6172e-11, 1493.00857366, 17500022.32020150, 0.00000000, 80394155776.46562195, 80394155776.46562195 
1653355140, 14446.0000, 7.6404e-11, 1493.21408554, 0.00000000, 0.00000000, 57025.46175385, 57025.46175385 
1653355141, 8718.0000, 7.6576e-11, 1490.50308942, 0.00000000, 0.00000000, 125449.21091682, 125449.21091682 
1653355142, 11509.0000, 7.6670e-11, 1494.13957561, 0.00000000, 0.00000000, 161.07193562, 161.07193562 
1653355143, 9473.0000, 7.6770e-11, 1494.10400355, 0.00000000, 0.00000000, 2192.40598466, 2192.40598466 
1653355144, 11672.0000, 7.6882e-11, 1493.69372688, 0.00000000, 0.00000000, 47926335007.13079834, 47926335007.13079834 
1653355145, 10419.0000, 7.7076e-11, 1491.75015005, 67673465.11527596, 0.00000000, 26126.90711524, 26126.90711524 
1653355146, 9185.0000, 7.7312e-11, 1490.44249324, 16793133.30651589, 0.00000000, 1293.30426809, 1293.30426809 
1653355147, 9911.0000, 7.7516e-11, 1492.39520735, 0.00000000, 0.00000000, 138.14458654, 138.14458654 
1653355148, 10601.0000, 7.7700e-11, 1494.71140458, 0.00000000, 0.00000000, 220.82511381, 220.82511381 
1653355149, 10455.0000, 7.7926e-11, 1493.28435874, 152470693.05168286, 0.00000000, 326847819.33523834, 326847819.33523834 
1653355150, 10820.0000, 7.8132e-11, 1495.78850808, 0.00000000, 0.00000000, 1082.19525555, 1082.19525555 
1653355151, 11128.0000, 7.8330e-11, 1491.87443739, 0.00000000, 0.00000000, 70678.59053355, 70678.59053355 
1653355152, 10785.0000, 7.8528e-11, 1480.09312535, 190049941.49718502, 0.00000000, 80407.11088475, 80407.11088475 
1653355153, 8212.0000, 7.8740e-11, 1491.34302985, 0.00000000, 0.00000000, 2635.64153669, 2635.64153669 
1653355154, 8552.0000, 7.8998e-11, 1496.35681178, 0.00000000, 0.00000000, 3172.31595647, 3172.31595647 
1653355155, 10638.0000, 7.9214e-11, 1496.62999768, 0.00000000, 0.00000000, 45.86018368, 45.86018368 
1653355156, 13941.0000, 7.9408e-11, 1494.37033572, 76808559.84134704, 0.00000000, 227.57938165, 227.57938165 
1653355157, 10474.0000, 7.9632e-11, 1497.93861078, 234278231.55354753, 0.00000000, 48187.61774187, 48187.61774187 
1653355158, 10075.0000, 7.9856e-11, 1498.22884928, 36646400.53482283, 0.00000000, 2.14712567, 2.14712567 
1653355159, 8270.0000, 8.0088e-11, 1493.44439102, 0.00000000, 0.00000000, 50745982.98054579, 50745982.98054579 
1653355160, 8568.0000, 8.0320e-11, 1493.47223370, 0.00000000, 0.00000000, 2035.48792340, 2035.48792340 
1653355161, 12753.0000, 8.0540e-11, 1497.60719627, 0.00000000, 0.00000000, 902.14070153, 902.14070153 
1653355162, 12147.0000, 8.0646e-11, 1495.99852123, 0.00000000, 0.00000000, 486.45010547, 486.45010547 
1653355163, 12692.0000, 8.0790e-11, 1497.80880344, 0.00000000, 0.00000000, 1992.27985294, 1992.27985294 
1653355164, 9593.0000, 8.0944e-11, 1498.02284464, 0.00000000, 0.00000000, 4010469.49420412, 4010469.49420412 
1653355165, 9891.0000, 8.1032e-11, 1495.16086839, 247099715.74375027, 0.00000000, 790960.94794370, 790960.94794370 
1653355166, 14824.0000, 8.1146e-11, 1492.79842479, 0.00000000, 0.00000000, 708.72856405, 708.72856405 
1653355167, 10359.0000, 8.1212e-11, 1496.78804100, 0.00000000, 0.00000000, 1845.75463997, 1845.75463997 
1653355168, 10455.0000, 8.1340e-11, 1498.09923299, 0.00000000, 0.00000000, 798413229.78886783, 798413229.78886783 
1653355169, 11738.0000, 8.1544e-11, 1492.99652181, 0.00000000, 0.00000000, 450.51055055, 450.51055055 
1653355170, 13373.0000, 8.1752e-11, 1494.36408839, 61144629.78266353, 0.00000000, 834.05543453, 834.05543453 
1653355171, 10940.0000, 8.1960e-11, 1497.85000626, 78576888.28725749, 0.00000000, 13981.48569118, 13981.48569118 
1653355172, 7762.0000, 8.2176e-11, 1485.78248661, 0.00000000, 0.00000000, 1397.38798880, 1397.38798880 
1653355173, 10615.0000, 8.2400e-11, 1496.84810863, 0.00000000, 0.00000000, 412904.76310220, 412904.76310220 
1653355174, 8666.0000, 8.2606e-11, 1500.74620594, 29095357.50582233, 0.00000000, 650981.87832942, 650981.87832942 
1653355175, 10456.0000, 8.2816e-11, 1496.74301003, 0.00000000, 0.00000000, 75092004.51738688, 75092004.51738688 
1653355176, 12239.0000, 8.2972e-11, 1501.31443485, 0.00000000, 0.00000000, 448922.68870976, 448922.68870976 
1653355177, 10104.0000, 8.3198e-11, 1500.51767428, 95063164.54311562, 0.00000000, 5943.22111304, 5943.22111304 
1653355178, 9043.0000, 8.3428e-11, 1492.98748438, 37497689.05252722, 0.00000000, 2394.16887918, 2394.16887918 
1653355179, 8336.0000, 8.3658e-11, 1498.87966636, 0.00000000, 0.00000000, 3739.82684035, 3739.82684035 
1653355180, 11784.0000, 8.3872e-11, 1498.21452403, 231335966.96865243, 0.00000000, 18158439.48178226, 18158439.48178226 
1653355181, 7948.0000, 8.4112e-11, 1501.16349997, 23239662.69472266, 0.00000000, 1426261.44309190, 1426261.44309190 
1653355182, 9960.0000, 8.4360e-11, 1503.22233481, 0.00000000, 0.00000000, 1180.05770493, 1180.05770493 
1653355183, 8261.0000, 8.4594e-11, 1502.01037367, 175749045.41997489, 0.00000000, 36741763168.61288452, 36741763168.61288452 
1653355184, 8581.0000, 8.4828e-11, 1502.86474465, 0.00000000, 0.00000000, 59562350.63011368, 59562350.63011368 
1653355185, 12631.0000, 8.5002e-11, 1501.28786258, 0.00000000, 0.00000000, 347.10824095, 347.10824095 
1653355186, 14922.0000, 8.5144e-11, 1501.78944968, 0.00000000, 0.00000000, 1464757.24162592, 1464757.24162592 
1653355187, 13228.0000, 8.5286e-11, 1497.01329231, 0.00000000, 0.00000000, 67109.09354661, 67109.09354661 
1653355188, 11517.0000, 8.5460e-11, 1495.34594444, 0.00000000, 0.00000000, 3780.20256001, 3780.20256001 
1653355189, 10369.0000, 8.5654e-11, 1499.14028536, 0.00000000, 0.00000000, 2961.06250291, 2961.06250291 
1653355190, 11347.0000, 8.5850e-11, 1495.54324506, 0.00000000, 0.00000000, 210.51469913, 210.51469913 
1653355191, 10624.0000, 8.6020e-11, 1497.28008898, 88302441.52838457, 0.00000000, 432587189.34581876, 432587189.34581876 
1653355192, 11350.0000, 8.6168e-11, 1499.23938633, 0.00000000, 0.00000000, 47028.30606140, 47028.30606140 
1653355193, 9243.0000, 8.6364e-11, 1498.83430464, 90137891.21883470, 0.00000000, 86013.80809379, 86013.80809379 
1653355194, 11570.0000, 8.6564e-11, 1497.13333967, 0.00000000, 0.00000000, 877.53495828, 877.53495828 
1653355195, 10270.0000, 8.6776e-11, 1498.49789283, 49159927.42499886, 0.00000000, 12260085.02252171, 12260085.02252171 
1653355196, 10588.0000, 8.6982e-11, 1497.18104652, 0.00000000, 0.00000000, 722.96277999, 722.96277999 
1653355197, 9939.0000, 8.7180e-11, 1485.51430448, 0.00000000, 0.00000000, 1168.66666485, 1168.66666485 
1653355198, 8706.0000, 8.7412e-11, 1494.66910345, 0.00000000, 0.00000000, 1286.73827774, 1286.73827774 
1653355199, 10716.0000, 8.7622e-11, 1498.28150290, 0.00000000, 0.00000000, 187.29852611, 187.29852611 
1653355200, 9948.0000, 8.7852e-11, 1494.04093277, 0.00000000, 0.00000000, 926870.54220788, 926870.54220788 
1653355201, 9443.0000, 8.8084e-11, 1497.62269848, 0.00000000, 0.00000000, 417.36122488, 417.36122488 
1653355202, 10464.0000, 8.8292e-11, 1491.87994947, 156636168.02108896, 0.00000000, 10213.26553661, 10213.26553661 
1653355203, 10522.0000, 8.8490e-11, 1495.97336684, 0.00000000, 0.00000000, 6600.86770976, 6600.86770976 
1653355204, 10757.0000, 8.8708e-11, 1495.61508260, 258910103.47539529, 0.00000000, 1488393.97858433, 1488393.97858433 
1653355205, 11260.0000, 8.8932e-11, 1498.60074601, 7532963.54741381, 0.00000000, 9535.98866349, 9535.98866349 
1653355206, 9668.0000, 8.9132e-11, 1499.11376072, 0.00000000, 0.00000000, 4340610745.38812923, 4340610745.38812923 
1653355207, 11633.0000, 8.9338e-11, 1498.68640747, 0.00000000, 0.00000000, 829.98483528, 829.98483528 
1653355208, 9818.0000, 8.9542e-11, 1502.03799910, 162110905.77675617, 0.00000000, -50.18818972, -50.18818972 
1653355209, 10028.0000, 8.9774e-11, 1499.89308196, 0.00000000, 0.00000000, 252536.32844277, 252536.32844277 
1653355210, 10717.0000, 8.9996e-11, 1501.74839927, 0.00000000, 0.00000000, 88867.17406789, 88867.17406789 
1653355211, 10746.0000, 9.0174e-11, 1502.78813790, 0.00000000, 0.00000000, 1271.96136836, 1271.96136836 
1653355212, 8484.0000, 9.0370e-11, 1504.23913009, 0.00000000, 0.00000000, -59.68154079, -59.68154079 
1653355213, 10978.0000, 9.0556e-11, 1503.56151069, 0.00000000, 0.00000000, 23659.75963264, 23659.75963264 
1653355214, 10548.0000, 9.0646e-11, 1502.53130634, 0.00000000, 0.00000000, 890630.97494540, 890630.97494540 
1653355215, 15638.0000, 9.0782e-11, 1499.91773308, 0.00000000, 0.00000000, 3492.40239254, 3492.40239254 
1653355216, 12046.0000, 9.0844e-11, 1501.35955530, 0.00000000, 0.00000000, 5736237.42929677, 5736237.42929677 
1653355217, 13924.0000, 9.0916e-11, 1502.12208712, 214958611.84636509, 0.00000000, 909.35747981, 909.35747981 
1653355218, 21462.0000, 9.1000e-11, 1500.25879258, 0.00000000, 0.00000000, 1245.27334684, 1245.27334684 
1653355219, 10754.0000, 9.1056e-11, 1503.15438001, 0.00000000, 0.00000000, 54.47929662, 54.47929662 
1653355220, 10427.0000, 9.1196e-11, 1503.22084190, 81604137.82731722, 0.00000000, -32.34758692, -32.34758692 
1653355221, 9839.0000, 9.1372e-11, 1502.91058159, 0.00000000, 0.00000000, 195223.75107946, 195223.75107946 
1653355222, 10693.0000, 9.1532e-11, 1497.92552361, 0.00000000, 0.00000000, 763137.83186647, 763137.83186647 
1653355223, 20020.0000, 9.1644e-11, 1503.00169375, 0.00000000, 0.00000000, 1385.21309581, 1385.21309581 
1653355224, 13216.0000, 9.1794e-11, 1503.01483102, 0.00000000, 0.00000000, 55796.80353560, 55796.80353560 
1653355225, 10349.0000, 9.1952e-11, 1502.60995158, 0.00000000, 0.00000000, 839.68013853, 839.68013853 
1653355226, 12705.0000, 9.2118e-11, 1495.52968478, 0.00000000, 0.00000000, 446.76414191, 446.76414191 
1653355227, 11347.0000, 9.2296e-11, 1502.23957110, 0.00000000, 0.00000000, -33.62053296, -33.62053296 
1653355228, 9985.0000, 9.2480e-11, 1501.64549807, 0.00000000, 0.00000000, 1.98931473, 1.98931473 
1653355229, 10276.0000, 9.2710e-11, 1501.34382371, 0.00000000, 0.00000000, 408.43356836, 408.43356836 
1653355230, 14206.0000, 9.2850e-11, 1501.78115309, 0.00000000, 0.00000000, 50542.36825333, 50542.36825333 
1653355231, 11011.0000, 9.3014e-11, 1497.94866856, 0.00000000, 0.00000000, 2687.28680599, 2687.28680599 
1653355232, 11984.0000, 9.3170e-11, 1502.98667257, 0.00000000, 0.00000000, 75.13857660, 75.13857660 
1653355233, 10754.0000, 9.3312e-11, 1501.61467636, 0.00000000, 0.00000000, 2085176.39169897, 2085176.39169897 
1653355234, 12215.0000, 9.3400e-11, 1503.57067367, 0.00000000, 0.00000000, 44702.16476558, 44702.16476558 
1653355235, 14511.0000, 9.3520e-11, 1502.33944957, 5084693.73276020, 0.00000000, 306230.15232665, 306230.15232665 
1653355236, 11381.0000, 9.3644e-11, 1496.95134002, 66642419.13975585, 0.00000000, 3923.43674866, 3923.43674866 
1653355237, 10008.0000, 9.3856e-11, 1498.48525928, 0.00000000, 0.00000000, 763.58995450, 763.58995450 
1653355238, 14378.0000, 9.4078e-11, 1492.00680264, 0.00000000, 0.00000000, 1007.97161175, 1007.97161175 
1653355239, 8673.0000, 9.4312e-11, 1501.59307432, 0.00000000, 0.00000000, 4587.51554227, 4587.51554227 
1653355240, 10111.0000, 9.4548e-11, 1501.89884404, 0.00000000, 0.00000000, 8.66914308, 8.66914308 
1653355241, 13240.0000, 9.4728e-11, 1496.39932833, 0.00000000, 0.00000000, 508.47198407, 508.47198407 
1653355242, 11126.0000, 9.4946e-11, 1500.90003095, 92679380.69445054, 0.00000000, 768.62917609, 768.62917609 
1653355243, 8926.0000, 9.5146e-11, 1493.94455199, 0.00000000, 0.00000000, 18959.08652914, 18959.08652914 
1653355244, 10351.0000, 9.5356e-11, 1502.09774669, 0.00000000, 0.00000000, 1072.22620353, 1072.22620353 
1653355245, 9823.0000, 9.5558e-11, 1501.04659697, 0.00000000, 0.00000000, 16719.44110398, 16719.44110398 
1653355246, 10397.0000, 9.5782e-11, 1500.43011992, 80935878.69650745, 0.00000000, 144339.49815804, 144339.49815804 
1653355247, 9846.0000, 9.6008e-11, 1502.08727258, 0.00000000, 0.00000000, 204.94197749, 204.94197749 
1653355248, 9337.0000, 9.6222e-11, 1499.88404322, 0.00000000, 0.00000000, 160.40877547, 160.40877547 
1653355249, 10660.0000, 9.6404e-11, 1499.14041093, 0.00000000, 0.00000000, 10495.29181993, 10495.29181993 
1653355250, 11412.0000, 9.6614e-11, 1495.02911655, 0.00000000, 0.00000000, 4339.74169031, 4339.74169031 
1653355251, 9375.0000, 9.6826e-11, 1497.37238651, 0.00000000, 0.00000000, 425.05492627, 425.05492627 
1653355252, 10062.0000, 9.7040e-11, 1493.58313466, 0.00000000, 0.00000000, 572.99457494, 572.99457494 
1653355253, 8590.0000, 9.7240e-11, 1490.63829982, 0.00000000, 0.00000000, 12817.29000596, 12817.29000596 
1653355254, 11994.0000, 9.7398e-11, 1495.16043255, 0.00000000, 0.00000000, 387.64155219, 387.64155219 
1653355255, 9977.0000, 9.7608e-11, 1501.20066237, 0.00000000, 0.00000000, 327.42570688, 327.42570688 
1653355256, 11169.0000, 9.7782e-11, 1499.82920377, 0.00000000, 0.00000000, 843.09290278, 843.09290278 
1653355257, 11490.0000, 9.7942e-11, 1501.72638559, 0.00000000, 0.00000000, 269.23536780, 269.23536780 
1653355258, 9707.0000, 9.8152e-11, 1499.89621507, 176090167.44569895, 0.00000000, 131749.83547613, 131749.83547613 
1653355259, 11414.0000, 9.8340e-11, 1499.85933758, 0.00000000, 0.00000000, 48253168845.06166077, 48253168845.06166077 
1653355260, 10582.0000, 9.8524e-11, 1492.12796989, 0.00000000, 0.00000000, 132609.51698227, 132609.51698227 
1653355261, 8779.0000, 9.8736e-11, 1500.12492749, 60433494.95036043, 0.00000000, 311556939.52668732, 311556939.52668732 
1653355262, 10252.0000, 9.8938e-11, 1499.48324713, 0.00000000, 0.00000000, 4567.75501427, 4567.75501427 
1653355263, 13217.0000, 9.9080e-11, 1501.01621336, 0.00000000, 0.00000000, 18588.40906309, 18588.40906309 
1653355264, 11990.0000, 9.9242e-11, 1501.95551515, 164232171.76458263, 0.00000000, -3.40393708, -3.40393708 
1653355265, 13794.0000, 9.9396e-11, 1495.67596885, 0.00000000, 0.00000000, 6853224.30926463, 6853224.30926463 
1653355266, 10280.0000, 9.9568e-11, 1498.78487797, 0.00000000, 0.00000000, 175.24238208, 175.24238208 
1653355267, 12743.0000, 9.9726e-11, 1494.17717883, 0.00000000, 0.00000000, 409.95148565, 409.95148565 
1653355268, 15289.0000, 9.9856e-11, 1496.79976687, 0.00000000, 0.00000000, 370.68490496, 370.68490496 
